<?xml version="1.0" encoding="UTF-8"?>
<project-private xmlns="http://www.netbeans.org/ns/project-private/1">
    <editor-bookmarks xmlns="http://www.netbeans.org/ns/editor-bookmarks/2" lastBookmarkId="0"/>
    <open-files xmlns="http://www.netbeans.org/ns/projectui-open-files/2">
        <group>
            <file>file:/Users/williamezekiel/Documents/Compiler_Design_Theory/cdt_git/compiler-design/lr_parser_phase/wolf/src/wolf/parser/GrammarParser.java</file>
            <file>file:/Users/williamezekiel/Documents/Compiler_Design_Theory/cdt_git/compiler-design/lr_parser_phase/wolf/src/wolf/parser/Nonterminal.java</file>
            <file>file:/Users/williamezekiel/Documents/Compiler_Design_Theory/cdt_git/compiler-design/lr_parser_phase/wolf/resources/wolf.txt</file>
            <file>file:/Users/williamezekiel/Documents/Compiler_Design_Theory/cdt_git/compiler-design/lr_parser_phase/wolf/resources/sample_programs/sample_program7.wolf</file>
            <file>file:/Users/williamezekiel/Documents/Compiler_Design_Theory/cdt_git/compiler-design/lr_parser_phase/wolf/src/wolf/parser/ParseTableGenerator.java</file>
        </group>
    </open-files>
</project-private>
